,tweet_norm2
0,bilang gantung kampus aman karna program kampus merdeka naikin akreditasi fakultas minat
1,ikut program bangkit salah lampir file sptjm kampus merdeka revisi sptjm gform document revision harap email
2,kupu deket dosen haha karna fact tetep subjective temen angkat exchange self funded karna kenal dosen untung sabar program permata sakti kampus merdeka full funded
3,sekian program kampus merdeka text hilang
4,mana syukur dibutuhin kampus merdeka kemarin temen sampe kali kali bilang makasih karna udah bantu program terharuu serius kayak orang ngerasa guna
5,program kampus merdeka sedia perintah batasn program studi sehat kampus merdeka kampus dukung buka kerjasama mahasiswa
6,program sampe kampus merdeka tukar mahasiswa negeri cari info hima staff akademik kampus disebarluaskan kampus info program interview
7,program kampus merdeka lumayan uang jajan konversi ntar
8,tiktok konon magang kantor facebook salah kemdikbudristek ambisius program kampus merdeka
9,kampus program magang salah unggul program magang bumn program magang kampus merdeka konversi gantung kampus
10,ngide join program kampus merdeka pusing
11,magang gaji bulan kemendikbud program kampus merdeka
12,gimiknya keren lanjut adik adik masuk program kampus merdeka
13,senang syukur sempat ikut salah program kampus merdeka kemdikbud batch nyangka percaya proud myself thanks hard work
14,program kampus merdeka
15,sampe daftar program kampus merdeka omong bikin down daftar indeks prestasi cemas matkul ngulang matkul ambil
16,mahasiswa kupu kupu terima magang merdeka magang program kampus merdeka ngalamin
17,cipeng bikin akun kampus merdeka gtliat jadwal registrasi periode program gtsiapin dokumen surat rekomendasi univ transkrip nilai gtupload dokumen gtpilih program magangstudi independendll gttunggu umum tesinterview
18,gara ikut program kampus merdeka
19,wajjb fardhu kras sender temenku diswitch program kampus merdeka
20,unit kerja terima mahasiswa program magang kampus merdeka ntar testi aahhhh testi sipil kasi sempat kerja bbrp perintah sesuai ekspektasi
21,cipeng saran semester program kampus merdeka studi independensemacam coursebootcamp bootcamp bagus gratis guna ilmu diajarin basic
22,jujur alumni program kampus merdeka program bagus fasilitasin negara tinggal niat ajar dikuatin didik lanjutin program
23,jujur rada program kampus merdeka anjrit magang
24,permisi kenal hasri skrng ikut program magang kampus merdeka dyandra izin dyandra bikin acara exhibition mobil subay promosi acara hubung terimakasih
25,hallo mahasiwa angkat target udah lulus nunggu pratoga ngga lihat program magang kampus merdeka udah tutup buka juni juli magang
26,bener bener paham gara program kampus merdeka
27,sebenrnya gapapa program kampus merdeka bagi gitu kampus merdeka rolenya beda jurus gitu
28,udah anak anak udah suruh program kampus merdeka magang biar alam bejibunnn
29,mending program kampus merdeka
30,udah jaman butuh organisasi alam kampus nama magang kampus kurikulum program perintah mahasiswa milik alam bagus kaya msib mbkm manfaat banding join ormawa
31,mbkm msib program kampus merdeka kemarin cari info instagramnya instagram kampus suka informasi kait begitu grup tele
32,program kampus merdeka taun semester open batchnya pizzz bole reppp
33,kalo program luar kampus kayak kampus merdeka gitu nggak tanggung minimal pegang uang saku urus simpel magang stud independen uang pegang beli kuota bayar dllnya
34,mahasiswa giur program mbkm benefits salah satu material join organisasi kampus udah seksi
35,adaa konversi kampus pake program kampus merdeka
36,magang kampus merdeka trus jurus acara izin magang acara program kerja gitu liat fakultas jurus dosen
37,kayak semester berkahir fase ikutbkegiatan kampus mengajarprodiku tawar program kampus merdeka ikut tawar kampus mengjar mana giat pasuk angkat
38,program kampus merdeka
39,kalo rencana program kampus merdeka depan pakai
40,program kampus merdeka smacam studi independen collab google goto traveloka
41,bener helpful coba nnti pantengin website kampus merdeka program sertifikasi jugaaa dicobaaa
42,totally take program kampus merdeka moga magang aussienya selesai kampus merdeka
43,base sharing khusus program kampus merdeka kemendikbudristek program kampus ajar iisma magang studi independen tukar mahasiswa merdeka
44,kalo karirmu program kampus merdeka
45,mbkm hasil real dapet uang dapet alam dapet relasi kerja bagus magang peluang kerja lulus situ udah tenaga ngeluarin uang
46,alhamdulillah terima kampus merdeka program menteri pupr udah dapet magang
47,gara program kampus merdeka
48,date program kampus merdeka bikin plan
49,program kampus merdeka relate msib kampus ajar
50,otak kuliah mending putus mahasiswa kupu kupu ajalebih cari relasi program kampus merdeka gitu manfaat uang
51,duka dalam gabisa program kampus merdeka
52,hallo dicoding skilvul program kampus merdeka sanbercode bayar buildwithangga bayar wktu promo dapet pancman gratis cuman trial minggu
53,inget program kampus merdeka malu muka masker liat dingin buka masker muka kayak bayi
54,program kampus merdeka aowkaow berterimakasih kemendikbud lpdp
55,bootcamp bootcamp bingung fokus mana mentor arah ajar mana trus tepat program kampus merdeka trus tarik
56,kalo serasa butuh giat program mahasiswa kampus merdeka giat kampus produktif semester grgr semangat sender
57,reguler program studi independen revou kampus merdeka gratis
58,email kampus merdeka panik woii program udah jalan
59,liat enak plus mahasiswa akses program kampus merdeka
60,ness salah oper kamar temenku tempat tinggal byarnya taun kayak eman semester tempat program kampus merdeka udah
61,semester udah program kampus merdeka
62,mending cari cari magang sendri kampus program magang kampus merdeka
63,bawaslu kabupaten kubu raya terima mahasiswa fakultas hukum universitas tanjungpura rangka laksana giat merdeka ajar kampus merdeka mbkm program magang tanggal februari
64,lulus bawah kerja dominasi orang harap program merdeka ajar kampus merdeka mbkm implementasi kemendikbud kurang angka anggur
65,univku program kampus merdeka konversi
66,kalo studi independen kampus merdeka batch kuliah auto konversi program dapet uang saku bulan gatau kalo skrng studi independen dapet uang saku ngga
67,coba program kampus merdeka coba yaaaaaaaaaaa
68,program kampus merdeka tuju bagus unpaid zaman hilang guru nakes tuju manteri didik guru ajar sekolah
69,gatau program kampus merdeka mahasiswa
70,kaya kampus dituker pake program magang kampus merdeka
71,mahasiswa aktif usaha minat giat kewirausahaan program kampus merdeka butuh minat makasii hehe
72,percaya ideal mahasiswa agung nahan sisi peran mahasiswa serta mbkm organisasi pusing mikirin sampe hasil buah manis
73,kecuali program kampus merdeka
74,halo kuliah intern program kampus merdeka coba cari loker kota loker intern bandung gitu harap paid fokusin nyari alam ilmu
75,fess lupa program kampus merdeka
76,bener aparat perintah jelek buruk bijak cecer hina program kampus merdeka bagus jalan mana masuk hasil karya perintah
77,program kampus merdeka kampus ajar mimin kasih faktaapa praktik dampak positif dapat mahasiswa sekolah kampus ajar
78,mending mbkm ytta ormawa kampus
79,beasiswa program program studi independen kampus merdeka bangkit salah mitra kampus merdeka bawah yayasan dicoding
80,kakak kakak udah thailand program kampus merdeka
81,mahasiswa realistis pilih program kampus merdeka magang jenis investasi janji kemudi pasca lulus redup tiada transformasi inovasi tarik minat mahasiswa
82,kampus merdeka program magang volunteer tambah kembang cuman ikutin proker proker modif dikit anda kolaborasi ngikutin kembang zaman minat
83,kuliah ikut msib program kampus merdeka
84,program kampus merdeka ganti alam magang worth
85,turut program janji kaya program msib kampus merdeka program lirik apply kerja kalo udah msib otomatis udah ngerasain terjun dunia kerja langsung
86,iyapp coba duluu pokok plan penting usahain alam magang kampus merdeka program magang jugaa
87,implementasi kampus merdeka jalan angkat kurleb angkat sebenernya aneh program anak didik kaya teknik ngambil mbkm kampus ajar trus konversi matkul kampus
88,karna program perintah kampus merdeka janji banding organisasi arah jatuh organisasi anggap budak kampus
89,enak kampus merdeka program program perintah kayak magang sertifikat gantung kaka
90,ormawa general tarik banding program pemerintahkampus untung mahasiswa flow hasil hardsoftskill kampus merdeka iisma even nyesel fokus ormawa lupa upgrade skill signifikan
91,realistis kayak program magang kampus merdeka pandang guna relevan dunia kerja pikir rapat pagi ketemu pagi hasil mending program kampus merdeka
92,plus milih ngejar program iisma mbkm program kampus merdeka experiencenya relevan dunia kuliah
93,program kampus merdeka worth
94,kalo mahasiswa program kampus merdeka pilih ikut kampus merdeka manfaat lulus volunteer kampus bemhimpunan proker maksain tuju gjls
95,karna program kampus merdeka kayak magang
96,mahasiswa value gabung organisasi organisasi jarang sosialisasi value gabung organisasi kampus udah giat sosialisasi riset teliti program kampus merdeka valuenya konversi mahasiswa
97,kampus merdeka buka peluang mudah internship program organisasi model hima udah relevan ikut organisasi seni ilmiah debat
98,udah makan program kampus merdeka turut
99,udah kampus merdeka program langsung perintah plus dapet uang saku sertifikat pilih program hehe
100,faktor salah satu faktor besar banyak mahasiswa tarik program kampus merdeka join program kampus merdeka gabung organisasi manfaat sendiri
101,kampus merdeka bebas mahasiswa terjun industri organisasi embel tunjang karir mending intern lgsg industri duit tuker program kampus merdeka bantu bosen sistem teacher learning method duduk dengerin dosen
102,program kampus merdeka mahasiswa tarik cari alam nggak tarik organisasi kampus
103,rekomen giat kampus merdeka udah ikut program manfaat jujur duit kalo intern dapet duit mending joki tugas hasil
104,menfess putus ikut jelek jelekin generalisasi kampus merdeka kayak gimana cuman lolos sempat program
105,anyway bagus program kampus merdeka
106,sumpah program kampus merdeka bener giat full teko boarding edufarmers lanjot siang sore opening closingan tambah tugas sore bengi jancokkk akehh menn bgstt
107,bijak mahasiswa program kampus merdeka jujur turut valuable guna organisasi heheh shifting interest angkat
108,mantan akrab suka mamerin program kampus merdeka bikin
109,iyaaa udah mikirin prospek depan alam program kampus merdeka anggap tarik companies banding ormawa
110,exhaustion mahasiswa ngeliat proker himpun bakar duit tenaga gajelas nama kabinet ngebuat mahasiswa anti organisasi mikirin program kampus merdeka
111,studi independen kampus merdeka kuliah akhir program project
112,alas suruh temenku program kampus merdeka tetangga bank rumah
113,butuh company kampus ajar skrng program kampus merdeka jalan ngembangin kompetensi sesuai butuh usaha
114,sebenernya sistem kampus dikit udah ubah program kampus merdeka merdeka ajar
115,yeah program kampus merdeka
116,kalo tarik masuk organisasi coba program kampus merdeka lumayan nambah relasi alam syarat belibet
117,kalo kampus kaya mbkm arah organisasi gajelas
118,jelas kenang mahasiswa ikut program kampus merdeka asistensi ajar satu didik bbrp salah satu uika
119,thats true mahasiswa sadar organisasi tingkat skill ningkatin program kampus merdeka perintah benefit mahasiswa fokus kesitu salah
120,nanya program magang kayak kampus merdeka bangkit buka
121,tarik program kampus merdeka
122,kuat jugakelemahan dosen super muda debat buka cepat nalar kerap keteterandosen muda latar aktivis relatif fleksibel biasa discourseprogram kampus merdeka tolong
123,cerita seru program kampus merdeka
124,betuuulll kalo kampus merdeka program kemendikbud magang sertifikat konversi iisma
125,program kampus merdeka temenku gituu tukar kemaren
126,program kampus merdeka anak himpun urus himanya
127,real sial program kampus merdeka terap lulus himpun senior sengak kampus
128,allah moga urus mudah lancar moga kakak terima magang program kampus merdeka bank indonesia aamiin makasih sempat beneran moga lolos terima
129,gagal program kampus merdeka gagal
130,banyak milih program kampus merdeka gitu kampus benefitnya konversi nilai dapet sertif dapet uang saku
131,kampus merdeka program enak konversi skripsi
132,tepat cari univ bagus karir alam turut mending sempat cari alam kampus contoh program kampus merdekamagang karna naung kemenag
133,kura sampe website program kampus merdeka bagi syarat mahasiswa bawah naung kemendikbud langsung alam iseng nyoba magang merdeka status magang mandiri magang merdeka
134,nama bilang kampus merdeka pdhl program fakultas jalan tahun ganti nama bukti coba mahasiswa daftar program kampus merdeka resmi websitenya
135,program perintah kampus merdeka sksnya konversi gantiin skripsi
136,nanya kampus merdeka udah terima program offeringnya tanggal sender interview magang sore rencana nyoba interview studi independen rubah status
137,nyata pdhl anak mene terima program kampus merdeka ajar about engineering
138,udah tutup daftar kalo batch daftar batch buka kampus merdeka buka program studi independen
139,mbkm duit
140,kampus merdeka program program contoh program msibmagang stupen chanel magang merdeka udah info kait berkas daftar tinggal sesuain program pengn ikut
141,program studi independen kampus merdeka course dasar learning path ambil
142,anda terima aamiin ajar teori kadang ragu takut saking sibuk kuliah ngga luang upgrade hardskill solusi nadim program kampus merdeka ngga kelar
143,gapapaa program kampus merdeka kinda iisma prepare magang merdeka studi indipenden
144,perkara laptop berat enak laptop servis kali kali duit servis duit bulan duit program kampus merdeka tabung
145,kupu kupu pulang kuliah magangikut komunitasbelajar kalo maksimalin program kampus merdeka
146,program kampus merdeka organisasi kadang bantu dosen dapet tambah program kampus merdeka kalo gaksalah inti multitasking pinter manajemen
147,tarik program kampus merdeka
148,kuat jugakelemahan dosen super muda debat buka cepat nalar kerap keteterandosen muda latar aktivis relatif fleksibel biasa discourseprogram kampus merdeka tolong
149,cerita seru program kampus merdeka
150,betuuulll kalo kampus merdeka program kemendikbud magang sertifikat konversi iisma
151,program kampus merdeka temenku gituu tukar kemaren
152,program kampus merdeka anak himpun urus himanya
153,real sial program kampus merdeka terap lulus himpun senior sengak kampus
154,allah moga urus mudah lancar moga kakak terima magang program kampus merdeka bank indonesia aamiin makasih sempat beneran moga lolos terima
155,gagal program kampus merdeka gagal
156,banyak milih program kampus merdeka gitu kampus benefitnya konversi nilai dapet sertif dapet uang saku
157,kampus merdeka program enak konversi skripsi
158,tepat cari univ bagus karir alam turut mending sempat cari alam kampus contoh program kampus merdekamagang karna naung kemenag
159,kura sampe website program kampus merdeka bagi syarat mahasiswa bawah naung kemendikbud langsung alam iseng nyoba magang merdeka status magang mandiri magang merdeka
160,nama bilang kampus merdeka pdhl program fakultas jalan tahun ganti nama bukti coba mahasiswa daftar program kampus merdeka resmi websitenya
161,program perintah kampus merdeka sksnya konversi gantiin skripsi
162,nanya kampus merdeka udah terima program offeringnya tanggal sender interview magang sore rencana nyoba interview studi independen rubah status
163,nyata pdhl anak mene terima program kampus merdeka ajar about engineering
164,udah tutup daftar kalo batch daftar batch buka kampus merdeka buka program studi independen
165,sharing program kampus merdeka studi independen terima offerinh orbit riview alumni msib batch please
166,kampus merdeka program program contoh program msibmagang stupen chanel magang merdeka udah info kait berkas daftar tinggal sesuain program pengn ikut
167,program studi independen kampus merdeka course dasar learning path ambil
168,anda terima aamiin ajar teori kadang ragu takut saking sibuk kuliah ngga luang upgrade hardskill solusi nadim program kampus merdeka ngga kelar
169,gapapaa program kampus merdeka kinda iisma prepare magang merdeka studi indipenden
170,perkara laptop berat enak laptop servis kali kali duit servis duit bulan duit program kampus merdeka tabung
171,kupu kupu pulang kuliah magangikut komunitasbelajar kalo maksimalin program kampus merdeka
172,program kampus merdeka organisasi kadang bantu dosen dapet tambah program kampus merdeka kalo gaksalah inti multitasking pinter manajemen
173,program kampus merdeka wahh congratss reree
174,program kampus merdeka macam course gitu
175,organisasi sepi minat mahasiswa suka program kampus merdeka debat kalo debat live nonton
176,kampus merdeka feelku nama permata lupa temen gitu ngejalanin program ajar kampus gitu emejing stres
177,gamasalah info kemaren sptjm reject tetep bangkit karna asli bangkit program kampus merdeka kemaren pake inspect element duluan
178,bangkit ngga msib pure program google goto traveloka fasilitas kampus merdeka kerjasama biar gampang prosedur administrasi daftar logbook data angkat integrasi kampus merdeka
179,kampus universitas sehh program magang merdeka kosong susahh cuman kalo kampus ngebebasin magang trus sektor perintah gampang
180,program msib studi independen sertifikat program kampus merdeka batch konversi
181,mhsw semester organisasi samsek kmren ktrima asisten wktunya flexible gaji senin besok semester program kampus merdeka coba worries sempat
182,coba ikut program kampus merdeka studi independen
183,mesti ngambil program mbkm merdeka ajar kampus merdeka magang usaha ilmupengalaman uang nilai makul ambil konversi nilai magang usaha udah jaman
184,bisaa konversi coba ditanyain jelas korprodi gimana konversi full mslh program kampus merdeka kampus ngasih konversi full
185,haloo semester requirements minimal kaka ikut program magang bumn magenta kampus merdeka hubung jurus kaka
186,kalo bingung konsul dospem nanya program kampus merdeka gatau wkamwkakkwkakw
187,kalo magang mandiri dapet kecuali program magang kampus merdeka paragon gitu gitu
188,orang organisasi amin tweet liat liat ormawa udah relevan kalo bawa value kembang softskills doang meanwhile program kaya kampus merdeka iisma dobrak biar minat join
189,ngab kalo kirim sptjm form revisi bangkit bangkit seleksi luar kampus merdeka kampus merdeka langsung program bangkit
190,sesal ngulik program kampus merdeka semester muda daftar udah telat bngt
191,lambat jalan program program kampus merdeka online courses hubung konsentrasi jurus online courses free dapet sertifikat lumayan
192,mending magang asli program kampus merdeka bagi worth bener organisasi organisasi kait profesi jurus anak akuntansi milih muda
193,pake kampus merdeka smua program upload
194,coba kampus merdeka magang program perintah kalo kedapetan coba rakamin gratis magang virtual bootcamp
195,like please semester kuliah gantung parah studi independen kampus bener gabuka matkul asumsi mahasiswa program kampus merdeka kalo program kayak nasib semester kabar
196,kalo kampus merdeka kampus merdeka magang program kampus merdeka daftanya situ
197,terima internship msib terima part time custku terima program kampus merdeka kaya kalo butuh proof sorry gabisa kasih trust issue testiku colong
198,program sampe kampus merdeka tukar mahasiswa negeri cari info hima staff akademik kampus disebarluaskan kampus info program interview
199,program kampus merdeka lumayan uang jajan konversi ntar
200,sekian program kampus merdeka text hilang
201,mana syukur dibutuhin kampus merdeka kemarin temen sampe kali kali bilang makasih karna udah bantu program terharuu serius kayak orang ngerasa guna
202,program kampus merdeka sedia perintah batasn program studi sehat kampus merdeka kampus dukung buka kerjasama mahasiswa
203,bilang gantung kampus aman karna program kampus merdeka naikin akreditasi fakultas minat
204,ikut program bangkit salah lampir file sptjm kampus merdeka revisi sptjm gform document revision harap email
205,kupu deket dosen haha karna fact tetep subjective temen angkat exchange self funded karna kenal dosen untung sabar program permata sakti kampus merdeka full funded
206,cerita nangisin dosen kemarin program kampus merdeka milih universitas alhamdulillah ketemu dosen manusiawi zoom bapak tanyain trus
207,alhamdulillah program msib cair guyss untuk mahasiswa rekomendasi kampus merdeka worth program serius katingku magang usaha langsung ditawarin full time situ
208,kalo paham mekanisme gimana program kampus merdeka ajar beda kurikulum dipake kampus semhas sempro langsung kompre cari info sesuai bijak fakultas thank
209,senggang udah sibuk takut engga rencana magang program kampus merdeka
210,saran biar ganggu akademik pengalamannua kalo udah sibuk program kampus merdeka atas dimanfaatin ikut mbkm
211,kampus merdeka merdeka ajar program mbkm pengaruh gantung sistem kaya tukar ajar magang usaha bantu kaya relasi sertif alam
212,agustus lumayan berat awal keriweuhan rencana konversi matkul program kampus merdeka lanjut libur hectic mentor panitia umum lkmm lantik ketua lupa ketupel proker offline
213,ngucapin makasih temen temen kuliah temen dekat kuliah nunjukin panitia ngajak program kampus merdeka kerja least kosong
214,infrastruktur tempat dalam baik didik baik kurikulum tunjang kuota gratis salah bantu lebar peluang cari kerja program kampus merdeka beda
215,taun tukar mahasiswa program kampus merdeka kalo daftar websitenya coba follow pertukaranmahasiswamerdeka ganjil
216,berita abar lulus vokasi luas peluang kerja lulus program study sarjana bijak perintah mbkm mbkm mbkm merdeka ajar kampus merdeka
217,milik alam kompeten bidang kerja skill jamin perintah program mbkm merdeka ajar kampus merdeka perintah lulus turun dunia kerja
218,nashwa prodi manajemen pasar kelompok bramanthy hasil tema vokasi peran mahasiswa milik opini vokasi milik program kampus merdeka mahasiswa rasa dunia kerja
219,lulus vokasi cari dunia kerja praktek teori fakultas vokasi milik sida lapang kerja luas program didik singkat program vokasi milik program kampus merdeka
220,miskomunikasi jelas lingkup fakultas berita kendala administrasi siap program magang merdeka ajar kampus merdeka mbkm pasti tutup
221,cerita gabisa tidur overthinking pagi bikin tulis inspirasi live session kemarin statup campus program kampus merdeka anak ainun lucuk sekali
222,universitas brawijaya terima mahasiswa inbound program mahasiswa merdeka kemendikbudristek ajar kampus semester
223,sebenernya laku guru program kampus merdeka sekolah merdeka kurang ajar gaji dikit tuntut kerja pamrih gitu
224,kampus merdeka program magang ganti kuliah kaya magang wajib kampus
225,sumpah kalo kuliah semester cari program kampus merdeka keren keren worth nyesel udah lulus
226,udah program kampus merdeka gampang also dengerin bilang wasting time doang bener bener niat ajar gaada nama wasting time
227,program kampus merdeka bantu mahasiswa rasa langsung proses ajar ajar
228,rangka dukung program perintah bidang didik kait program kampus merdeka guru tinggisekolah negeri swasta indonesia sekolah ilmu tani stiper dharma wacana metro lokakarya kurikulum
229,tips kuliah alam ajar program kampus merdeka seru manfaat uang saku turun
230,selamat mahasiswa lulus program msib terima kasih mitra mahasiswa partisipasi dukung sukses laksana program msib kampus merdeka
231,giat laksana mahasiswa ikut giat tukar mahasiswa merdeka kampus ajar program iisma milik kesiap laksana giat ikut universitas nasional internasional tuju
232,moga laksana program praktisi ajar tambah wawas mahasiswa implementasi merdeka ajar kampus merdeka sumber berita prodi ftke usakti humas ftke usakti
233,program kampus merdeka bagus angkat
234,anak magang program kampus merdeka kantor bikin asset photoshop kalo update story whatsapp ngedesain pake illustrator neng bener liat
235,kampus program merdeka ajar
236,program kampus merdeka nadiem mahasiswa semeater magang kampus ajar uang saku dana dana lpdp dosen sempat short course lakik kemarin dana lpdp jugak
237,antusiasme program magang kampus merdeka ketimbang kuliah prodi ilmu tantang sungguh kelak kuliah
238,ketrima magang program kampus merdeka magang wajib konversi konversi udah
239,gantung butuh wajib skeptis minat thanks kampus merdeka instansi larang larang instansi sedia program silang rumpun ilmu tingkat didik
240,astaga bangga circel positif lolos program kampus merdeka moga nyusul bestie
241,program magang kampus merdeka bagus cocok passion arti iseng lingkung surpotif abai internal uang utama hahaha lanjur
242,ngeliat adek adek tingkat manfaatin program kampus merdeka
243,congratss terima program kampus merdeka
244,daftar mbkm wish luck terima
245,orang magang mbkm jebak jadwal gunung
246,bayangin udah lancar regis mbkm ampe lolos ngambil kirim ginian waldos
247,aplgi deket mbkm ntar sana main
248,program mbkm pikir jenapa dateng online ribet seleksi interview online
249,kelompok mbkm sempro
250,kaprodiku konteks program mbkm kendala lumayan fatal bingung gimana ngakalinnya
251,bingung mbkm magang konvensi mbkm internal sempro magang
252,mbkm kamjarr puji tuhan lolos kamjar semester
253,aman mbkm kuliah kampus
254,smbil nggu terang mbkm sikadu kabur
255,daftar mbkm kait alam kampus salah satu organisasi banyak orang nyoba ningkatin value
256,mbkm gatau dosen gimana will survive courses later program kampus lakuin doing good kelas nabrak ngajar gimana nilai aman much questions hurts head perut perih
257,konversi mbkm kemarin paus
258,alas mbkm smpe skripsi betah cape beban orang bayar kost uang bulan mbkm dana cover kostbiaya hidup full mbkm piyee mumettt kepala
259,aaaakk bener smester udah bbrp kali aktif panit organisasi ngerasa coba cari magang worth cantik mbkm tinggal gimana bikin timelinenya
260,lapor mbkm kelompok yhhh ngisi besok anggota kelompok udah nanyain ketua kelompok satsetsatset
261,mbkm kemaren beli mixue sharing temen beli boba sundae enak gilir beli anying
262,organisasi mending cari aman ngurangin giat ganggu aktivitas mahasiswa mbkm jalan milih mbkm
263,dilema mahasiswa beda bingung milih organisasi bingung milih mbkm
264,ngga ngejar uang worth dapet revou mbkm bayar free
265,sumpahhh kayak adaaa gokilll kayak kahim kemarin organisasi periode tetep mbkm anjirrr
266,bilang daftar magang mbkm adek nyeletuk teteh daftar biar uang konserrr untung ngamuk
267,wishlist moga mbkm daoet offering atleast kabul tolong sibukin
268,mbkm kejar skripsi
269,minggu kutat server penuh kali mbkm udah udah loket
270,titip ordal temenku kerja ajaa mending mbkm sihh kalo bisa denggg
271,sedih kalo pikir ketemu temen fapsi bentar semester ketemu semester magang iisma semester mbkm semester mbkm
272,semester ngeliat temen well prepare udah masuk ngerjain proposal semester sempro semester mbkm baca jurnal bikin proposal
273,mesti ngambil program mbkm merdeka ajar kampus merdeka magang usaha ilmupengalaman uang nilai makul ambil konversi nilai magang usaha udah jaman
274,manifesting terima mbkm nutrifood pulogadung wicis deket kantor nyokap colek
275,moga lolos mbkm biar mama bangga
276,jujur maksimal bgtt lega berani coba makas mbkm dorong maju pitchingg
277,ambis dapet soalny mbkm bsok coba
278,warga kerja mbkm tahniah ybhg dato indera nasarudin mohd zawawi atas lantik ketua setiausaha menteri didik malaysia
279,neng mbkm
280,februari kasih rezeki terima mbkm
281,semester niat penuh semangat kuliah freelance semester mbkm lupa kuliah beneran takut
282,kecuali mbkm
283,terjun langsung lapang mbkm
284,univ slot semester full mbkm
285,angkat corona tambah mbkm first time cetak ngajuin waldos
286,panik mampus mayoritas cewe mbkm cowonya seruu klsnya dosen greenflag
287,asli balik semester bahagia mbkm ngajar bebas mumeeetttt bangett liat komp mulu pagi pagi nafkah oshi
288,wellnesss thats word huhuhu kaya familiar bikin proyek mbkm
289,alhamdulillah mbkm kampus ajar konversi butuh sibuk alam mbkm semester kemaren semester ngebut harap lulus
290,enak mbkm sumpahh
291,alhamdulillah rasa ajar langsung kmrn mbkm
292,sedih semester lega matkul rekognisi semester matkul berat alhamdulillah mbkm semester
293,singkat cerita kelompok lolos mbkm syukur mbkm kemarin kelompok solid kompak kerja temen semenjak mbkm
294,daftar program hibah mbkm notabene masuk kuliah offline semester kepingin banyak alam terjun langsung mikir ulang daftar mbkm
295,ucap terimakasih trees wild cipta lagu ngerjain lapor mbkm magang skripsi dengerin lagu pacu cepet selesai cepet ngetik otak encer
296,kuliah gapapa mbkm learning
297,mbkm kemarin ketemu temen nama mysonis brilliant bener brilian anjirrr
298,full tidur gara gara ngerjain lapor mbkm
299,saran doang kalo ikut program mbkm pastiin bner bijak dept kalo program mending mantau dept batch ikut batch kayak gweh nasib
300,karna males kampus gajelas kknnya konversi program mbkm
301,anak kelas mantep terima magang kampus ajar studi independen beneran takut sepi kelas
302,syukur mitra studi independen suruh post foto pake twibon
303,studi independen kampus merdeka bootcamp digitalent kominfo beuhhh produktif
304,studi independen kampus merdeka mentoring
305,moga jadi studi independen ulang bener bener semangat ajar bisaa
306,tujuh belas ngerjain lapor kelas studi independen libur libur club
307,untung studi independen assignmentnya pakai assignment udah dikerjain
308,magang studi independen sertifikat program kampus merdeka
309,seta minggu studi independen serasa anak teknik elektro
310,gitu mending studi independen gausah magang gajelas
311,bisa bokap nelpon cuman ngasih ikutin studi independen
312,udah planning semester pengin studi independen mari ajar coding
313,studi independen kelar kerja aneh aneh nambah tuntasin mata
314,studi independen gatau convert ngga
315,kampus merdeka semester studi independen mobile tanggung kabur
316,fess kmrn studi independen sibuk rusak tidur ilmu beneran dapet bekal bgtttt buat ngga organisasi kampus
317,kampus merdeka studi independen nderr gratis
318,peran beda honestly lelah puas lihat wajib rumah kampus studi independen beres telantarin alot self always fight learn
319,bismillah semester studi independen terima beasiswa magang
320,sender studi independen jadwal super padat matkul mending tolong saran
321,whoopsie anak studi independen gerak
322,neng bangett program msib batch studi independen ruangguru misuh nyaa okeey dunia kerja gitu insight plus temen tentunyaa
323,ajar mandiri gitu studi independen
324,syukur temu studi independen kemarin cuman salin temu andai udah kenal udah jadi
325,gais curhat singkat selang minggu undur intern barusan postingan usaha buka sesal yaudah program kampus merdeka gantung positif thinking lolos
326,ptkin magang kampus merdeka bawah kemenag
327,banyak agenda politik mnurut kampus merdeka
328,serah tarik
329,nasib program kampus merdeka bikin merdeka serta didik
330,takut jujur kalo sampe ancam lulus ngulang matkul bener bener ngecewain ortu ortu harap lulus cepet kapok ikut program kampus merdeka prodi full support sulit
331,pikir pikir program kampus merdeka ngerusuh organisasi gera sisi pandang ormek kumpul mahasiwa ndakik ndakik sosiety ngga selesai konflik internal kaji tuhan takut
332,mbkm tuhann program kampus merdeka jajah
333,mbkm motong motong kuota kasi stakeholder
334,kalo dosen gantung mbkm ngecapai poin dosen matkul semester mbkm capa sesuai nilai korban
335,timbang tokak takok hasil mbkm msib magang seng mending takoke ngene
336,minggu mbkm udah nyerah sanggup makkkk
337,katung katung katung mbkm katung kurikulum katung dosen
338,sapa jual tiket konser blackpink grup mbkm
339,allahsampe surat terang mbkm daftar iisma diurusin jurus
340,jujur umum mbkm dadak parah seleksi berkas msib gaada solusi
341,lolos mbkm dana paruh diajuin proker kasih maksusnya gimanaaaaa bulan heraannnn
342,nangisin tugas mbkm overdue besmart gatau dlnya nilai aman mumpung lepas
343,ngecek email mulu lolos
344,msib buzzer sumpah kocak disalahin nyalahin mitra regulasi ancur bilang bikin alesan
345,simulasi ampas besok gimana
346,serah tarik
347,kampus merdeka bayar
348,magang anri mata nunggu msib
349,maaf msib bangkit tolak nolak temen umum msib proses
350,msib lanjut sedih udah ikhlas terima gakk
351,lemes sistem kemendikbud administrasi msib lengkap agaknua pesimis terima msib
352,sakit sistem msib udah offering mitra eligible lupa juang daftar seleksi msib batch
353,bulan seleksi msib selesain skripsi sidang sptjm anjing
354,bangun tidur keinget msib anjing
355,msib bgst kalo magang mandiri gabisa konversi
356,usaha apply msib gada jelas
357,hate msib magang wajib bangetbbuat timeline magang januari sampe yaampun
358,udah cape urus msib eligible kudu ikhlas
359,weekday pagi sampe sore intern kelas studi independen always ngelead meeting project studi independen weekend dipake bootcamp dilakuin rumah cape
360,tanda orang tres studi independen
361,msib kuliah doang sksnya rekognisi tetep anjink project studi independen ngelab prepare topik skripsi tauuuu lelah anjink
362,nunggu diisiin fakultas ngajuin judul kagak gara studi independen cari responden teliti dosen kerja pingin kucing just meow meow
363,ngurus studi independen
364,syarat nagang studiindependen misel
365,studi independen seru angkat kelinci coba hahah uang saku full rapel empat stress capstonenya ketemu temen kampus gede neng dapet sertifikat resmi
366,serah studi independen deploy aplikasi
367,allah bingung magang studi independen malas kampus
368,fess studi independen beneran konversi brapa matkul nilai jelek
369,tolong klarifikasi tanggung kait serta lolos magang studi independen putus mari adakan meet mohon transparansi mahasiswa
370,that interview passed diskusi sehat with pros cons reshuffle kabinet pimpin program kampus merdeka iisma nggak kalo sender harap
371,mbkm merdeka ajar kampus merdeka merdeka ikut paksa ikut program wajib mata kuliah program semester tambah
372,transkrip nilai niiai terima program kampus merdeka mana
373,sesal sebentar ganti presiden otomatis ganti jabat menteri kalo nadiem ganti kampus merdeka jalan program tentuu
374,miris mahasiswa suguh program kampus merdeka mahasiswa terkadang peka kondisi masyarakat
375,program kampus merdeka gapapa
376,mbkm ormawa halo kema unpad debat relevansi peran organisasi mahasiswa kembang anggota program merdeka ajar kampus merdeka nilai kembang soft skill
377,pokok organisasi kampus suka lingkup fakultas ajar putar jurus himabem terus gengs program kampus merdeka organisasi sepi krna program kampus merdeka
378,honor mentor program msib kampus merdeka batch rampung bayar
379,salah fenomena senjang program kmpus mrdeka paksa anak iism anak kampus semester kemaren paksa wirausaha merdeka kagak uang hidup tunda kocak
380,iisma satu program kampus merdeka gamampu ikutin
381,tengah bawah lolos pegang gimana hidup sana bela program kampus merdeka free duit modal
382,laku perintah kawan kawan program tukar ajar kampus merdeka angkat singkat cerita saku semester email saku
383,males telat program kampus merdeka hadeh
384,struggle anak minkar salah galau sobat karier program kampus merdeka khawatir pusat karier hadir minkar bawa kabar bahagia stay tune
385,much politics issues topic program kampus merdeka
386,bner organisasi smakin kikis giat magang program kampus merdeka
387,lucu syekali lolos program kampus merdeka romusha
388,sumpah kalo nemu kaya program mentoring iisma bayar lapor mana udah lapor gitu peduli lapor iismari kampus merdeka gaada respon gedeg enak kali cuanin scholarship gratis
389,sebenernya gantung individu jurus prodi udah program bawah naung kemenag beda nama kampus merdeka lupa nama
390,kampus program kampus merdeka program gelora organisasi himpun gtudeh
391,program kampus merdeka teman kelas tukar mahasiswa negeri turkey mesir australia program beasiswa timur belanda australia
392,nyoba program kampus merdeka kampus jajah fasilitas
393,kura gabisa program kampus merdeka temen jurus kamjar ehehe company lulus jurus company lpdp sebenernya peirhal point ekspres
394,kura program kampus merdeka turut
395,satu halang daftar program kampus merdeka surat nyata kampus jutek anjer pegawai bagi kena mental
396,gabisa program kampus merdeka warna almetnya jelek
397,bruh males kampus merdeka karna kait administrasi sistem beranta ledak kalo gabisa dilolosin program kalo gaikut called survey kebhinekaan
398,mana denger kabar temen temen ketrima program kampus merdeka bumn yaudah mahasiswa kuma kuma
399,gabisa program kampus merdeka lingkung kuliah slow paced langsung pengaruh kenal dosen mudah anak organisasi kampus swasta dripada kampus negeri kampus negeri islam
400,program kampus merdeka karna bawah naung kemenag kemendikbud selamat overthinking
401,daftar beasiswa program kampus merdeka syulid itunsalah syarat
402,maaf nnya program kampus merdeka program perintah
403,pusatinformasi kampus merdeka sedia linimasa msib angkat verifikasi berkas wajar rubah dadak alur program msib angkat
404,program prestisius kampus merdeka akomodasi platform lengkap bingung fitur lihat dokumen unggah berlindug cermat manusia kala salah
405,program kampus merdeka problem gede
406,kelas udah menit kosong kalo bener engga ngambil program kampus merdeka ngampusnya gimana
407,valid program kampus merdeka yudisium sosialisasi nyesel udah yudisium kalo nggak luku molor kuliah
408,mbingungin ahahahah matkul asli bagi semester nahh program kampus merdeka dosen dosen tuju matkul gabisa skipkonversi dipadetin biar mahasiswa dapet materi
409,twitter generalis spesialis beda program kampus merdeka opsional bebas pilih matakuliah kritikus anggap arah menteri spek generalis
410,unggul program kampus merdeka cacat kampus merdeka kualitas januari
411,halooo program msib kampus merdeka kayak kacau simulasi test kebhinekaan pagi surat direject udah terima mitra deadline berkas tanggal diberitahu deadline banding
412,kayak sepakat program kampus merdeka msib batch buruk batch sptjm timeline bijak ubah sampe simulasi survey gabisa akses speechless parah
413,klian kampus merdeka kpkiran henti jalan bhkan tahap stiap program bgni takut tkut pkknya burnout parah smngatnya daftar doang
414,asli drey kali program kampus merdeka dimonetisasi
415,offense lolos program msib kampus merdeka batch actually sucks
416,simulasi wajib diikutin wajib ikut program kampus merdeka ikut
417,studi independen kerja aktif organisasi bunuh tira
418,sbmptn kedok studi independen fakkkkk
419,offense dapet usaha teliti skripsi terima studi independen merdeka batch actually sucks
420,studi independen duitnyaaa
421,sumpah bener studi independen zoom hari kuat pelihara laptop
422,studi independen kampus merdeka sadar convert jurus
423,studi independen work experience jatuhnyaaa
424,studi independen mbkm program ngapa dikit
425,ngide ikut studi independen cape bngsat
426,lompok final project studi independen gamau gerak pdhl udah diingetin kali mending leave grup beban konversi nilai konversi bisa peduli nasib
427,curhat suka bingung hari suka rekomendasi giat kampus merdeka magang studi independen sulit program selesai surat izin magang terkadang bbrp
428,aduh kelompok bener bener salah enak studi independen orgnya beda kampus kalo tugas kelompok ngilang mentingin kampus stupen nilai gantung
429,studi independen online bener simulasi anggur
430,studi independen kaya gaji gaada pasu rasa yhhhh
431,enak studi independen kampus merdeka enak nahan emosi anggota kelompok semester skripsi beban bebanin tugas
432,mental breakdown grgr tugas studi independen ampe pacar moodswing grgr syyyy
433,studi independen anjing
434,jirrr ngerjain lapor hari studi independen
435,nyimpen sedih pribadi tambah tugas kuliah tugas studi independen campur denger marah ditanyain ngomong nitipin anak udah pikir kalo
436,kuliah ngerasa salah jurus lurus lurus semester tembok bikin renti kuliah tembok studi independen apply gabisa ngundurin
437,studi independen anjing kebut minggu pitching presentasi pitching gradakan mepet pitching konsep udah kerjain ubah mepet mepet udah tanyain mentor
438,bener bener keteter tugas studi independen this
439,gmna matkul materi ambil studi independen ngga konversi nang tolongg
440,studi independen minggu nganggur tibatiba tubesnya hihihi
441,bego awap niat magang studi independen ngapa studi independen goblok
442,studi independen
443,suruh studi independen udah goblok
444,studi independen beban pikir
445,urus studi independen
446,pusing anjr studi independen
447,nunggu diisiin fakultas ngajuin judul kagak gara studi independen cari responden teliti dosen kerja pingin kucing just meow meow
448,kirain kalo studi independen santai
449,studi independen kampus merdeka udah rasa stress
450,undur studi independen gimana
451,nyesel maksimal nerima tawar studi independen pdahal mending magang ajaa gabisa undur
452,ngundurin program studi independen kampus merdeka
453,nambah bahan insecure temen lulus studi independen sertif google langsung tawar tolak beasiswa partial
454,yaaa wlopun zoom studi independen sampe mksdnya kayak plis
455,kesel libur program trus minggu smpet zoom studi independen kali tetep bilang tidur puncak komedi hidup slalu liat ngapain kalo lgsg komenin wkwkwkk
456,skripsi studi independen santai apaa tugas stupen joki skripsi kerjain tuntasin
457,studi independen batch teripuhhhh
458,ngurus studi independen
459,bingung studi independen ngga
460,kasih mitra studi independen kalo tahap verifikasi simulasi survei kebhinekaan agustus bolak akun kampus merdeka undang simulasi akun email survei kebhinekaan gimana
461,studi independen padet jadwal
462,nyesel dikit mbkm jogja
463,mbkm magang cant relate sahur rumah
464,yatuhan jujur malas mbkm semester
465,miris kondisi kapital didik dukung penuh negara bijak bijak anggap populis mbkm
466,potensi intelektual sedot habis habis langsung kapitalisme hilir industri korporasi miris kondisi dukung negara bijak mbkm
467,miris kondisi dukung penuh negara bijak bijak anggap populis mbkm live muslimah bicara
468,artikel bilang pandemi tambah program mbkm faktor utama aktivisme turun mbkm produksi kerja jadi kambing hitam organisasi udah instrumen
469,sisi bijak merdeka ajar kampus merdeka mbkm bidang vokasi gencar tanggung tanggung perintah gelontor dana program revitalisasi didik vokasi
470,syafhek kali mbkm tugas abrek
471,riill kangen temen enak bgtt mbkm
472,ampas bener ngurus mbkm mitra mesin kasi udah masuk list dianggurin udah masuk
473,kelar mbkm gapunya seprodi sndiri mndem nang cape
474,hanyak univ kaku sesuai mbkm program nasional ikut akomodir mahasiswa senadain visi mbkm ajar paham dapur akademi
475,kampus ngasih konversi alhasil ngambil kampus bangkit tara keteter bagus kalo ngimbangi kalo kelar mbkm udah jalan konversi
476,estimasi cohort mending tobat efek jadiin mbkm lari matkul matkul pilih kampus bikin jelek nama program
477,bener teman kuliah awet bener bener bantah percaya percaya mbkm kuliah
478,gamau rugi kampus ngga kampus gamau mahasiswa mbkm cuan
479,males udah tugas kelompok mbkm saran dicuekin fuck ngurusin sila
480,mbkm penuh tangis berangkat sampe moga kuat sampe kangen
481,kalo nggak mbkm kalo tugas lebih tugas kampus jujur udah muak bulan
482,cuman males lagih jalan mbkm
483,bikin ragu mbkm
484,sampe kabar temen program mbkm iisma sempet kecewa buka vokasi untung taun msib kabar temen kalo iisma jalur vokasi pikir langsung restu alhamdulillah mama full support
485,only mbkm program that made broke
486,penasaran depan geser peran mbkm rebut hati mahasiswa usaha lewat transisi
487,magang mbkm jarang sasar unpaid underpaid internship tipu daya industrialisasi ketidakamanan dunia kerja segimanapun bentuk mbkm menang banding panitia
488,ngepush sertifikasi mbkm sulit bener ilahhh cokkk
489,gara gara mbkm
490,butuh joki mbkm
491,masuk kampus offline kemarin mbkm stress ketemu orang orang kampus
492,mbkm gamao perintah
493,rugi minat organ ngebem mipa liat kalah tarik magang mbkm iisma even organisasi tingkat univ ruwet kemaren ahaha fakta ubah nyaman gimana kembang kalo gamau ubah
494,kemarin mbkm langsung susul gabut ngapain
495,mbkm bgst
496,kalem anak perkara mbkm tinggal udah seminar hasil gabisa kompre perkar nilai
497,make sense nyesel mbkm nyesel mkwajib aneh wajib badut dunia nyesel mkwajib padet aneh dunia
498,sanggup skripsi bikin lapor mbkm antar keburu males mikir
499,janji palsu mbkm
500,overthinkingin email mbkm siminvest adain meet koriyah
501,prank year goes mbkm
502,mbkm ngeprank
503,mbkm kontol
504,takut berangkat mbkm
505,dendam jujur anjgggg unspress kalo gara wajib mbkm cabs
506,sorry mbkm bikin bias
507,mbkm ngeri proposal skripsi
508,mobilisasi mbkm bikin sakit kepalaa
509,mncium parfum kupake mbkm males jaman capeekkk ngerti
510,lepas mbkm bentrok matkul pilih prodi bingung
511,mbkm kedok libur azma
512,suwe emosi sing diwajibno mbkm bupr sakdurunge nggae bijak dipikirno jangka panjange
513,ditnyain mbkm ngga fakkk
514,woee gausa mbkm
515,nilai sikap kait moral mbkm menghighlight moral sasar karakter pancasila
516,mbkm jauh asyik bangke
517,pindah mbkm pusing gimana
518,sesal mbkm
519,fess temen lainnnya korban mbkm nambah semester grgr bilang konversi
520,ikut mbkm batch janji ngurus bareng gitulah ajar hidup
521,magang mbkm sibuk
522,baca reply kaget lapor mbkm lampir lapor lohhh ampe bingung ngerjain segitu banyak
523,fess evaluasi baru jdinya regulasi mbkm ribet tambah jurus sebenenya srek program konversi matkul sulit tumpang tindih reguler mbkm
524,fess komen ngadepinnya mbkm regulasi banyak kudu gerak mending kuliah reguler ngechat dibales abad sekal
525,fess jelas singkat nangkepnya bijak mbkm alam mbkm konversi matkul
526,logbook mbkm sentuh samsek jurnal garap
527,pppp cari info teman nugas sepi tinggal mbkm
528,busettt pagi pagi ketemu bambang anak mbkm yakkkk
529,galau pilih mbkm
530,story temen ngga daily life mbkm first gath
531,bilang mbkm gajelas nyusahin doang bisa
532,daftar basa basi semester ngejer mbkm
533,word word mbkm fuck
534,salah naikin popularitas organisasi dukung kampus kurikulum merdeka kampus fokus mbkm mahasiswa dapet sempat ikut mbkm
535,bunuh pelan pelan mbkm
536,taiikkk ternyataa email panggil mbkm skip bangsatttt
537,kena mbkm prediksi anak anak kalo mbkm sibuk magang tuju mbkm bentuk indroktinisasi kebiri nalar kritis mahasiswa bukti paham kalo budak sistem
538,giat senior power syndrom politik sebal solidaritas omong tusuk tusuk udah program mahasiswa kaya mbkm benefit arah
539,gara gara mbkm anjg kelas himpun biro jurus
540,mnurut organisasi mahasiswa pilih decision maker banding magang program mbkm
541,mbkm insecurity liat linkedin lelah tampar dunia kerja
542,barusan bahas kating rapat mbkm salah faktor
543,banyak sepakat artikel mbkm ngisi jujur sepakat grgr demen konsep perintah mahasiswa
544,kaga rujak tutup kaga buka buka halte roboh dosen paham mbkm info lomba beasiswa jarang sistem kuliah suka suka libur undur undur
545,lulus konsekuensi mbkm
546,mbkm julidin dosen explore gilir sulit
547,jujur kinda skeptical fokus readiness level level baca cerita industrialis jepang asia timur bikin usaha orang orang aneh sulit akomodasi model mbkm
548,hatus nurture orang orang aneh bikin industri sistem mbkm bikin orang orang fomo hilang insentif aneh kembang
549,semangatin sender ngundurin magang mbkm alas sehat perintah orang dips
550,neng anjinggg dikit nyentuh angka proses mbkm berat
551,nyesel bangett daftar mbkm fakkkk mbkm akal akal fakultas bikin jebak betmen
552,nilai bikin turun drastis allah program mbkm agribisnis dapet nilai matkul konversi nasib anak agribisnis program agrotek dapet nilai adil sumpah tranparansi nilai sulit
553,sedih program mbkm biar nilai bagus nyesel gitu mending kuliah udah dapet nilai program agroteknologi butuh kontribusi anak agribisnis kasih
554,masuk mbkm biar laksana doang alias kocak juli tetep
555,mbkm kasih tugas reguler mending kuliah reguler anjg
556,mbkm pake sistem nawarin daftar stay gitu gausa kelas angkat suruh mbkm
557,contoh temen engga ngambil skripsi pusing judul kemarin mbkm kemarin ngikut temen niat hati pilih akademis bagus parah gitu engga engga
558,sedih matkulku hapus fakultas gara wajib mbkm bilang kalo tolak mbkm kuliah reguler
559,banyak dosen suka program mbkm hohoho
560,mbkm tarik ahahaha apaaaa
561,mbkm kurikulum pikir kurikulum
562,kemaren suruh mbkm kawan kawan looo kooo jadi ambil syuliittt aahh kelinci coba waeee
563,woiiii mbkm hailahh
564,mbkm
565,mbkm aman maloe ditanyain dosen bilang gitu
566,random ngobrol gazebo temen trus ntah kesamber petir ikut mbkm kewirausahaan smua sepakat smstr gamau mbkm langsung proposal besok serahin dosen panitia
567,miss much this mbkm program take backkkkkk
568,mbkm mbkm anjritlah bikin orang galau hari semalem ujung gakjadi
569,mbkm diwelcome
570,hamdalah magang lanjut duit gaji aman sampe juni mbkm gaje kang ghosting
571,teman nyobain mbkm hopeless gituu ngebayangin mbkm trus cuman ngulii situ pddiktiku kelar sampe ntah lumayan teman nyoba lulus malas ribet
572,daftar magang kemenkeu fakultas support magang kecuali mbkm whoever nanya bantu banyakkk serius
573,kalo rendah arsi spatugas mbkm
574,nangisin tugas mbkm overdue besmart gatau dlnya nilai aman mumpung lepas
575,hapus mbkm
576,cepet kelar kejar lapor seminar berkas konversi laprak bayang laprak nambah grgr kmrn mbkm
577,sepi angkat mbkm semuaaaaaahhhhh ugmfess
578,udah lanjur nolak mitra mbkm gajelas ngntd
579,lolos mbkm dana paruh diajuin proker kasih maksusnya gimanaaaaa bulan heraannnn
580,bolos kali salah anak mbkm males
581,minggu mbkm udah nyerah sanggup makkkk
582,fakultas mbkm
583,curhat sumpah nyesel mbkm kampus turun tetep
584,mbkm motong motong kuota kasi stakeholder
585,mbkm reguler gamau ketemu
586,gada mbkm
587,msie dendam dikit mbkm
588,selamat tinggal mbkm
589,mbkm elit konversi sulit
590,balik mbkm sidang mahasiswa tunda
591,ngurus mbkm ruwet
592,mbkm ngampus
593,mbkm batch
594,mbkm ghosting dosen ghosting lengkap sial
595,kalo tolak tawar mbkm kali meter depan ngga udah angus udah mbkm maksimal kali
596,program mbkm suruh bimbing mahasiswa tridarma dosen dosen wajib publish jurnal udah kurang muda doktor tahan diberdayain program reward kagak
597,lalalalalalalalala mbkm tyda untung belanja ngedrop hollywood tabrak diaspora
598,sayang jaman sibuk internship mbkm kemarin ngga sempet main pantes lapor suka bilang eventnya seru
599,gegara mbkm nyelip
600,helpp tidur gara gara stress mikir mbkm mbkm dapet dosen bimbing mbkm bliau bilang wajib wajib diskusi langsung mbkm wajib
601,magang mbkm lanjutin
602,mbkm
603,ngerasa salah liat orng orng masuk program mbkm nolak
604,mbkm genah
605,ribet kali mbkm astagaaa kendala disrh kampus
606,mbkm banyak pmmnya bingung
607,fomo mbkm
608,mbkm kampus gkjls
609,mbkm rugi bngsd
610,niat pulang kerja suruh kampus boom suruh festival mbkm kaprodi pangandaran shooting
611,bego mbkm kaga tembus wkwwkkwkw
612,fokus gegara mbkm ampun
613,mbkm nyusahin
614,gantung cewe gantung mbkm luar nalar
615,maklum konversi mbkm
616,mbkm kntl
617,mules nunggu email mbkm
618,mbkm jlssssss
619,bgtt kosann zzzz temen mbkm jogja
620,jjuuurrr grgr mbkm hadeh gaje verif reject pdhl template smua scan smua hadehh
621,mbkm gajelas
622,uaayo nguuopiiii mbkm gajetot babi
623,pliss gajes mbkm batch alesan gagal konyol lagi karna surat administrasi
624,terima mbkm gajelas
625,serius cape ngurus mbkm gajelas
626,dahla cape ngurusin mbkm gapapa
627,nominal ngabisin pikir tenaga sesuai ekspektasi sumpah tergajelas sistem kampus merdeka program udah jalan final berkas salah konfirmasi ulang
628,kacau sekolah sarjana kuliah dijejelin materi riset dicekokin program kampus merdeka usaha posisi bayar mahasiswa magang
629,konversi udah lulus program kampus merdeka
630,kampus merdeka kampus merdeka rasa merdeka bijak match prodi program kampus merdeka beban hidup berat kuliah
631,gara program kampus merdeka kurikulum rombak
632,magang sertifikat kampus merdeka mager ngurus berkas
633,terima magang merdeka magang alam spill kalo gitu siap
634,offense terima magang merdeka batch actually sucks
635,niat magang merdeka sadar mampu moga terima bank udah ajuin proposal magang bantu doain mutualkuu
636,anak magang merdeka maluin kampus
637,siti temenan nanya mulu kayak dora cuman make sure takut salah perihal panik magang kampus merdeka
638,magang bikin stress gara program kampus merdeka
639,ngeluh maaf mentemen libur buru buru daftarin judul skripsi nang fomo temen coba magang kampus merdekagimana jurus fast pace takut
640,ajig aing katarima magang merdeka bangsat
641,hadeh bener bener sibuk magang kampus merdeka trust cowo sibuk beneran
642,ikut magang kampus merdeka test tahap gaada info positif lolos
643,gara gara magang merdeka
644,urus magang merdeka seribet daftar sambat mulu kemaren
645,magang merdeka maslaah konversi full kaprodi kalo sesuai survive engga bimbang skip
646,cape surat rekom fakultas magang merdeka typo mulu nyontohin surat rekom benee gimana sptjm ngga buru kasi maju ngga univ pantes lolos magang merdeka
647,offense terima magang merdeka actually sucks
648,gara dapet kabar magang merdeka
649,kacau sekolah sarjana kuliah dijejelin materi riset dicekokin program kampus merdeka usaha posisi bayar mahasiswa magang
650,kaya masalah program kampus merdeka
651,cape mikirin magang merdeka barusan liat udah tutup beberpa usaha pasrah
652,sahabat magang merdeka
653,saran salty magang merdeka skip program benah gausah buru aman dana kuota koordinasi univ kait konversi reopen seengganya antisipasi
654,takut kalo ngegantung hidup program magang merdeka bilang baca cair
655,mencak cutoff magang merdeka admin telegram paham gasie officialnya
656,gaada siap suruh daftar merdeka gajadi magang industri gatau kudu neng nang
657,udah nolak tawar magang bela bain coba kampus merdeka bain batalin
658,malu univ kalo duit magang merdeka turun
659,magang merdeka seng diri gausah melu melu
660,sbnrnyaaa konsep merdeka ajar miskonsepsi magang cetus merdeka ajar konsep merdeka ajar student center lepas gitu cuman stimulus nyaa asal siswa
661,magang kampus merdeka sejati merdeka gitu hehe menteri gamau ngecek usaha bekerjasama kemendikbud sayaa info baru kampus merdeka kaya
662,unila program kampus merdeka worth lulus cepet konversi
663,sender semester awam dunia magang program kampus merdeka denger kampus merdeka program magang sertifikat beda magang untung dibandingin magang
664,humas universitas sukses gelar webinar share sharing program kampus merdeka
665,kemdikbud adakan soft launching program wirausaha muda kampus merdeka pikir rakyat solo raya
666,tingkat kreativitas program luncur mbkm magang sertifikat studi independen kampus ajar indonesian international student mobility award iisma tukar mahasiswa merdeka bangun desa tematik
667,merdeka ajar kampus merdeka mbkm program keluar menteri didik budaya riset teknologi kemendikbudristek tuju sempat mahasiswa kembang minat bakat
668,program kampus merdeka kampus ajar rangka tingkat kompetensi dosen
669,selamat dinas komunikasi informatika statistik provinsi hasil raih harga digital inovation leader award pimpin inovasi digital program msib magang studi independen sertifikat kampus merdeka
670,kampus merdeka program magang
671,tanyaa program kampus merdeka program mahasiswa
672,sekretaris komisi pilih kabupaten sintang penandatanganan janji kerjasama universitas kapuas sintang program kampus merdeka selasa maret baca kunjung
673,kalo program kampus merdeka nyertain transkrip nilai
674,jurus program kampus merdeka timbang nentuin jurus terima kasihh
675,ilusi balik program kampus merdeka mufida perhati bijak publik
676,terima magang program kampus merdeka alam
677,kampus merdeka program magang
678,selamat selasa kiyai ombudsmania lampung menteri didik budaya milik program merdeka ajar kampus merdeka mbkm
679,siap diri program merdeka ajar kampus merdeka mbkm indonesia jentera semester tujuh mahasiswa angkat enam eksplorasi minat butuh program mbkm diiikuti
680,kampus merdeka magang industri balikpapan institut teknologi kalimantan mahasiswa program studi teknik industri irwan rahmadani sempat magang industri giat magang rangka kampus merdeka program pmmb
681,sinergi kolaborasi kanwil kemenkumham malut unkhair ternate rangka dukung program perintah kemendikbud merdeka ajar kampus merdeka mbkm kemenkumham malut adnan
682,bengkulu fisip unib dharma guru program merdeka ajar kampus merdeka panji aula international meeting room padu fisip unib lantai senin maret
683,dudi program mbkm merdeka ajar kampus merdeka mahasiswa damping tugas forecaster terima materi bmkg cuaca musim iklim gempa bumi tsunami mahasiswa ajak keliling stasiun meteorologi banyuwangi
684,kampus merdeka program magang
685,program didik vokasi pusat unggul kampus merdeka vokasi live muslimah bicaramenyoal visi didik kapitalisme islam visi pendidikanislam kaffah
686,buka program giat mbkm program merdeka ajar kampus merdeka insya allah corporation industri mitra program studi akuntansi fakultas ekonomi bisnis universitas jember jawa timur lengkap
687,semester besok tineline program kampus merdeka
688,program pusat unggul kampus merdeka vokasi live muslimah bicara didik didik vokasi visi didik islam kaffah
689,iisma semester ikut program kampus merdeka lolos iisma alumni awardee lolos interview thank
690,program aktualisasi komitmen penuh dunia didik dukung program kampus merdeka harap lanjut program kerja strategis
691,program merdeka ajar kampus merdeka bidang sertifikasi bimbing ibadah haji bidang latih refreshment bimbing pandu antar haji umrah
692,sukses batch asosiasi usaha indonesia apindo lampung luncur program umkm merdeka batch kampus universitas teknokrat indonesia
693,kepala kampus merdeka mandiri kemendikbud apresiasi program asrama umgo integrasi mbkm gorontalo program asrama salah wadah bina mahasiswa lingkung universitas muhammadiyah gorontalo
694,kampus merdeka program magang
695,kuesioner penuh kriteria responden mahasiswa tempuh program ikut program magang sedia merdeka ajar kampus merdeka link kuesioner terima kasih teman teman
696,grgr program kampus merdeka males organ internal kampus
697,lulus program kampus merdeka gaji kali lipat
698,cari cadang kampus swasta kampsusnya swasta program magang durasi magang kaya magang merdeka sempat magang bumn beasiswa semester gapyear allowed bangettt
699,pamer karya mahasiswa pamer karya mahasiswa program evaluasi kurikulum baharu semester gasal kurikulum dukung kampus merdeka karya kerja keras mahasiswa
700,info kepala balai bahasa kasubbag terima serta program magang kampus merdeka balai bahasa provinsi sulawesi utara mahasiswa damping dosen bimbing lapang
701,kampus merdeka program program
702,fakultas hukum universitas islam indonesia seremoni lepas orang mahasiswa jalan program magang magang ajar kampus merdeka mbkm laksana hukumonline
703,hallo sobat gesit dokumentasi giat program msib administrasi infrastruktur blockchain kampus merdeka universitas buka pertamakali program msib batch offline juni
704,dekan fatek uncen johni numberi pasti program kampus merdeka tingkat kompetensi lulus baik lokakarya kurikulum kampus merdeka jurus teknik sipil program studi uncen tuju kampus merdeka
705,klungkungmenerima mahasiswa fakultas hukum universitas udayana unud laksana program magang merdeka ajar kampus merdeka mbkm ruang rapat senin
706,senin kota denpasar terima mahasiswa universitas udayana kait program merdeka ajar kampus merdeka mbkm ngulati denpasar shanti
707,kampus merdeka program magang
708,kampus merdeka program siap karier komprehensif generasi baik indonesia sempat mahasiswa asah mampu sesuai bakat minat terjun langsung dunia kerja langkah siap karier
709,program bangkit kampus merdeka wadah mahasiswa kembang ahli bidang teknologi cerita fatiha bangkit data analyst
710,rapat koordinasi lanjut task force program kompetisi kampus merdeka jurus manajemen rangka selaras data realisasi anggar lapor aplikasi lapor lapor laksana giat uang
711,kampus merdeka program magang
712,hannie iisma indonesian international student mobility awards iisma salah program kampus merdeka iisma sempat mahasiswa indonesia ikut mobilitas internasional guru baik dunia
713,pasuk tiga iisma tarik perhati publik luas antusiasme kritik sambut buka daftar program diri merdeka ajar kampus merdeka mbkm
714,hallo travelovers kali travelxism mitra program msib kampus merdeka lohh baca lengkap
715,tuju sosialisasi dukung program merdeka ajar kampus merdeka mbkm canang menteri didik budaya rangka dorong mahasiswa kuasa ilmu bekal pasuk dunia kerja lengkap
716,mahasiswa universitas brawijaya laksana program merdeka ajar kampus merdeka mbkm bpsi tanam aneka kacang ambil topik evaluasi subur lahan sampling tanah iptp kendalpayak
717,butuh joki buat friendly hubung udah jamin lolos screening usaha program kampus merdeka
718,serta merdeka ajar kampus merdeka stimik widiya pratama kirim mahasiswa kloter mahasiswa program tukar mahasiswa seleksi kemendikbutristek mahasiswa pilih tempat kampus
719,duta kampus merdeka person charge program merdeka ajar kampus merdeka mbkm stmik widya pratama fadhilah mhum bahas mahasiswa stmik widya pratama lolos serta merdeka ajar kampus merdeka
720,kampus merdeka program magang
721,butuh joki buat friendly hubung udah jamin lolos screening usaha program kampus merdeka
722,capai dekade raih kategori kerjasama negeri baik program kompetisi kampus merdeka baik
723,butuh joki buat friendly hubung udah jamin lolos screening usaha program kampus merdeka
724,kampus merdeka program magang
725,news update revisi mahasiswa gerak merdeka ajar kampus merdeka mbkm program luncur kemendikbud ristek universitas indonesia tuju utama program sosialisasi sukses program merdeka mbkm
726,merdeka ajar kampus merdeka mbkm akademik kantor tahan kota denpasar kantor tahan kota denpasar harap ilmu oleh taruna bekal selesai program studi abdi negara
727,badan standardisasi instrumen tani bsip hortikultura dukung laksana program kampus merdeka terima magang mahasiswa
728,pimpin pontianak terima mahasiswa magang program kampus merdeka ajar fakultas hukum universitas tanjungpura mahasiswa magang gabung giat magang pontianak
729,kampus merdeka program magang
730,anggota panwaslih kota sofhia annisa hadir acara workshop kurikulum merdeka ajar kampus merdeka mbkm program studi hukum fakultas hukum universitas malikussaleh selasa
731,blue bird kolaborasi kampus merdeka program menteri didik budaya riset teknologi republik indonesia kemendikbudristek program magang studi independen sertifikat msib kampus merdeka lengkap
732,coaching mahasiswa program ajar sekolah merdeka ajar kampus merdeka mbkm fakultas ilmu didik universitas negeri gorontalo periode semester genap akademik selasa
733,program ajar merdeka mahasiswa kenal dunia kampus lulus wawas luas cakep
734,kelompok kerja dominasi lulus didik sekolah dasar program merdeka ajar kampus merdeka mbkm laksana kemendikbudristek
735,hallo bencooleeners bencoolen coffee kelapa gading ajar bentuk mahasiswa magang program msib kampus merdeka kerja usaha kreatif bencooleen coffee kelapa gading
736,ajar bahasa inggris salah doktor universitas pertamina beliau bilang anak program kampus merdeka tukar ajar rekomendasi kelas ngajar bahasa inggris bagus background matematika
737,emil dardak ysulkan godok kurikulum program merdeka ajar kampus merdeka
738,kampus merdeka program magang
739,halo bantul jalan program merdeka ajar kampus merdeka mbkm taruna stpn laksana presentasi lapor hasil giat mbkm hadap kepala kantor tanah bantul ruang rapat kantor tanah bantul
740,muda penasaran program giat program simak kenal tekpend merdeka ajar kampus merdeka kali terektekpend bpii
741,kenal tekpend halo muda kenal tekpend hadirrrr lagiii kenal tekpend merdeka ajar kampus merdeka bahas program mbkm magang sertifikat studi independen kampus ajar tukar ajar wirausaha merdeka
742,program merdeka ajar kampus merdeka selenggara sesuai butuh tuju alam kembang ilmu tahu teknologi kaya wawas terampil rangka cipta indonesia unggul
743,bentuk peran implementasi merdeka ajar kampus merdeka jalan fungsi agen bangun buat janji kerja dharma program merdeka ajar kampus merdeka
744,msib kamjar iisma program kampus merdeka
745,menteri atrkepala tjahjanto sambut sambut program msib program kampus merdeka turut tuju program positif sempat mahasiswa ajar kembang
746,kampus ajar giat ajar ajar satu didik dasar program merdeka ajar kampus merdeka mbkm tuju sempat mahasiswa ajar kembang aktivitas kelas
747,mahasiswa unhas laksana program kampus merdeka ajar sdikantisang
748,mahasiswa laksana program kampus merdeka ajar galang kapaliii
749,indonesian international student mobility awards iisma program kampus merdeka skema beasiswa menteri didik budaya riset teknologi republik indonesia biaya mahasiswa indonesia
750,mahasiswa ikut program kampus merdeka panampuiii
751,siang cari jasa buat desainsederhana friendly hubung pricelist pinned lolos program kampus merdeka usaha
752,kampus merdeka program magang
753,dips konversi program kampus merdeka matkul
754,butuh joki buat friendly hubung udah jamin lolos screening usaha program kampus merdeka
755,mahasiswa lolos program kampus ajar angkat selamat semangat jalan proses lolos khawatir program kampus ajar angkat program kampus merdeka kalah keren
756,nahasiswa berkontribusa sekolah rasa dampak positif bidang litrerasi numerasi akibat hadir kampus merdeka kampus ajar ikut program sepakat rekomended
757,batch ikut mahasiswa batam guru kepri guru indonesia program kampus merdeka acara hadir kemdikbudristek konjen batam rektor kepri serta
758,ruang menteri atrkepala tjahjanto sambut sambut program msib program kampus merdeka turut tuju program positif sempat mahasiswa ajar
759,berita hari kompas februari kritik thdp program kampus merdeka jadi dosen merdeka lapang puji program merdeka ajar merdeka kampus mbmk
760,sistem didik tinggi ubah program jurusanuniv kampus merdeka sastra daerah minor mgkn lulus electives sastra daerah
761,buka program internship kerjasama univ indo ikut serta program kampus merdeka
762,program magang studi independen sertifikat msib kampus merdeka program magang akselerasi alam dunia profesi kali rahmat husein
763,itera program kampus merdeka ajasi trus diikutin semester trus syarat
764,tingkat paham sivitas akademika program merdeka ajar kampus merdeka mbkm universitas padjadjaran gelar lomba cerdas mbkm fakultas
765,festival kampus merdeka rabu februari bale santika unpad jatinangor acara bahas tuntas kait program mbkm hadir gratis voucher makan minum
766,menindaklanjuti atur rektor nomor informasi tunjuk teknis laksana program merdeka ajar kampus merdeka mbkm informasi lengkap lampir surat informasi lengkap link
767,subejo dukung implementasi program turun stunting kombinasi program strategis universitas tematik merdeka ajar kampus merdeka mbkm bangun desa magang turun angka stunting jateng
768,senin februari laksana seminar daring giat program merdeka ajar kampus merdeka mbkm taruna sekolah tanah nasional stpn hadir dosen bimbing bimbing mitra mbkm taruna
769,literasi numerasi salah problem solving softskill manfaat kondisi kampus ajar salah program kampus merdeka peluang dukung wujud
770,kampus merdeka program magang
771,coba liat linkedin anak anak jaman ikut intern start program program kaya kampus merdeka bootcamp sertifikasi sayang jaman program intern serame
772,nanya program belajarmagang kampus merdeka gitu gimana
773,tanyarl nanya program belajarmagang kampus merdeka gitu gimana
774,telutizen hadir program kampus merdeka bangkit google goto traveloka dukung ditjen diktiristek senin
775,nanya program belajarmagang kampus merdeka gitu gimana
776,mahasiswa siswi magang pusat riset iklim atmosfer brin semester mahasiswa ikut program mbkm merdeka ajar kampus merdeka kantor kantor brin sebar indonesia
777,campusbrainers ngga kalo program kampus merdeka jugaa kepo alur daftar nyaa nisa kasi liatt gambar bawah
778,program kampus merdeka bangkit google goto traveloka dukung ditjen diktiristek universitas padjadjaran senin februari
779,terima serta magang fakultas mipa universitas ratulangi unsrat manado program merdeka ajar kampus merdeka orang kasubbag
780,halo mahasiswa fakultas sains teknologi program kampus merdeka bangkit google goto traveloka dukung ditjen diktiristek cerita industri lulus jalan bangkit
781,mahasiswa kampus ajar bantu guru adopsi teknologi bgmn platform merdeka ajar rengkuh dayung pulau lampau program dampak siswa guru mahasiswa
782,milik tuju strategis dalam paham manfaat mbkm tingkat partisipasi luas masyarakat program mbkm bangga pilih hadir acara festival kampus merdeka
783,bpom kampus merdeka alhamdulillah after going through long selection process magang studi independen sertifikat msib batch program grateful happy share that have been accepted msib batch bpom intern food safety facilitator
784,bmkgjogja kamis februari giat penandatanganan kerjasama fakultas mipa universitas jendral sudirman stasiun geofisika kelas sleman kerja kurikulum implementasi program merdeka ajar kampus merdeka
785,kamis februari giat penandatanganan kerjasama fakultas mipa universitas jendral sudirman stasiun geofisika kelas sleman kerja kurikulum implementasi program merdeka ajar kampus merdeka
786,bsip dukung program giat merdeka ajar kampus merdeka mbkm
787,program merdeka ajar kampus merdeka mbkm prodi antropologi universitas indonesia brwa hadir ketua prodi antropologi imam ardhianto orang mahasiswi orang mahasiswa ikut program
788,himaka bangga assalamualaikum shalom swastiastu namo buddhaya salam kebaji haloo akang teteh kali hubin bawa kabar gembira kang fauzi kang saiman kang hasil lolos program msib kampus merdeka yeayy selamat akang akang
789,kampus merdeka program magang
790,dasar lapor kemendikbudristek lulus program kampus merdeka cepat kerja banding nasional
791,tips ikut latih pandemi muncul program online coursebootcamp program studi independen sertifikat kampus merdeka kali coba sharing alam online course thread
792,program mbkm kampus merdeka collaboration with jakarta global university three students from jakarta global university participated merdeka ajar information systems universitas airlangga during september december semester courses
793,ditjen diktiristek prof nizam mahasiswa program kampus merdeka cepat lulus kerja gaji
794,nasional lulus guru butuh kerja alumni program kampus merdeka butuh
795,dasar hasil kaji program kampus merdeka persen responden lulus program unggul kerja cepat banding nasional dirjen didik riset teknologi
796,kampus merdeka program magang
797,kerja guru industri program kampus merdeka
798,halo konsultasi kait program kampus merdeka baik hubung
799,dukung mbkm cipta duta karantina semarang program studi hama sakit tumbuh fakultas tani milik program merdeka ajar kampus merdeka mbkm mahasiswa ajar timba ilmu tahu kampus
800,pegawai bapas sempat narasumber giat kuliah kuliah pakar tekan dukung implementasi program merdeka ajar kampus merdeka mbkm kemenkumham gorontalo heni susila wardoyo
801,batas ikut program kampus merdeka lulus msib trus daftar kampus ajar bangkit iisma lulus syarat kaya mana
802,direktorat merdeka ajar kampus merdeka mbkm darmajaya dewan pimpin provinsi asosiasi usaha indonesia apindo lampung buka sempat mahasiswa ikut program magang umkm merdeka batch
803,program jalan program ajar kampus merdeka kemendikbudristek
804,hallo program mbkm program merdeka ajar kampus merdeka mbkm canang menteri didik budaya tuju dorong mahasiswa kuasa ilmu dunia riset
805,selamat ahmad rifqi zidani siti kamila tunawa lolos serta program studi independen sertifikat kampus merdeka
806,program magang kampus merdeka
807,kampus merdeka program magang
808,ilusi balik program kampus merdeka mufida perhati bijak publik khilafah tuntun rasul
809,ikut program kampus merdeka pertukarann ajar
810,daftar program kampus merdeka minimal
811,website kampus merdeka program magang mbkm kampus ajar
812,website kampus merdeka program magang mbkm kampus ajar
813,kampus merdeka program magang
814,dips ditanyain program kampus merdeka tolong nanya nanya
815,nanya program msib kampus merdeka terima magang letak luar kota luar domisili biaya tanggung gaji pokok
816,haneull msib program kampus merdeka studi independen
817,halo tipsmya anak gabisa program kampus merdeka ngajuin magang usaha fasilitas kampus spill program program anak
818,program kampus merdeka gimana
819,program kampus merdeka wajib
820,halo program studi independen kampus merdeka batch uang saku
821,ubhara jaya salah guru menandatangani nota paham kadin jawa barat implementasi program merdeka ajar kampus merdeka nota sepakat ditandatangani serentak tanggal februari
822,code program bangkit kampus merdeka selenggara tahun tahun kali
823,kalo luas batas kampus merdeka sasar bikin program pakai cermin arah nemu solusi lanjut
824,program kampus merdeka mahasiswa uniska selesai magang bptp kalsel
825,tara akses didik wujud ketimbang program kampus merdeka program bagus nikmat bohong
826,kampus merdeka program magang
827,rabu terima mahasiswa program merdeka ajar kampus merdeka mahasiswa unesa prodi mipa kimia laksana praktek kerja lapang laboratorium surabaya tanggal februari
828,dips program kampus merdeka ngga
829,bawa universitas riset program kampus merdeka perspektif pragmatis vokasional dongkrak inovasi indonesia februari
830,teman teman program msib tenang program kampus merdeka praktisi ajar buka lupa daftar ikut syarat website info valid
831,batas kuota pasti program kampus merdeka mengakomodir minat batch
832,halo siaapa kemarin udah daftar program kampus merdeka magang studi independen sertifikasi msib
833,luncur merdeka ajar kampus merdeka implementasi jalan delapan program salah satu magang studi independen sertifikat msib syarat
834,program kampus merdeka lupa tara akses agen salur mahasiswa baik perintah orang kuliah
835,salah unit laksana tekonis menteri laut ikan stasiun kipm ternate dukung program merdeka ajar kampus merdeka mbkm universitas sekolah ikan salha satu unkhair ternate malu utara
836,selamat sukses terima mahasiswa teknik informatika serta program magang telkom sekolah pijar info merdeka ajar unwahas
837,pragmatisme rasuk buat putus bidang didik universitas riset bawa universitas riset program kampus merdeka perspektif pragmatis vokasional
838,andang subaharianto mhum rektor untag kerja dukung program merdeka ajar kampus merdeka mbkm konservasi indonesia landas ilmu tahu
839,daftar program kampus merdeka alesannya qualified semester insecure duluan kalo liat temen udah ikut
840,rabu radio siar putar universitas buka laksana merdeka ajar kampus merdeka mbkm program studi fhisip semester radiout
841,testimoni program magang kampus merdeka mahasiswa teknik industri universitas trisakti komatsu indonesia
842,kakak nanya program kampus merdeka diikutin kali maksimal semester makasii ugmfess
843,program magang kampus merdeka nggak lolos nggaknya gimana nunggu mitra
844,program kampus merdeka
845,terima kasih orang registrasi program kampus merdeka good luck never lose hope
846,mahasiswa dorong program merdeka ajar kampus merdeka
847,kampus merdeka program magang
848,generasi pasca pandemi beasiswa intern perintah swasta limpah angkat intern pandemi nyarinya program kampus merdeka diadain dikit info
849,dukung program kampus merdeka amman universitas cordova tandatangani
850,kampus merdeka program perintah wadah mahasiswa kembang minat bakat mampu salah program kampus merdeka iisma lengkap
851,studi independen program kampus merdeka
852,indonesian international student mobility awards salah program kampus merdeka
853,mendikbudristek mahasiswa dorong program merdeka ajar kampus merdeka
854,maxy academy resmi official partner kampus merdeka msib batch bank dunia prediksi indonesia alami kurang juta tenaga digital perintah upaya atas program
855,program kampus merdeka literasi digital beasiswa didik guru
856,program kampus merdeka bayar gasih studi independent ajar
